dataset,method,fitness_rule,fitness,ACC,MCC,avg_odds_diff,stat_par_diff,eq_opp_diff,solution
adult_dataset_reader,hifi_initializer,mcc_parity,0.4060573270201709,0.8505251520176893,0.5795454137652135,0.066880041743179,0.1734880867450425,0.0679861159583986,{'eta': 14.487142654408082}
adult_dataset_reader,hifi_initializer,mcc_odds,0.518300500619355,0.8467661691542289,0.58279489605197,0.064494395432615,0.1809841291536352,0.0518826572382863,{'eta': 1.515543976493789}
adult_dataset_reader,hifi_initializer,mcc_opportunity,0.5049533598845788,0.8504145936981757,0.5908555538303992,0.0815158712734014,0.1908443684618711,0.0859021939458204,{'eta': 0.19950944582732782}
adult_dataset_reader,hifi_initializer,acc_parity,0.6435502057743383,0.8401326699834163,0.5569159897380558,0.106462154137997,0.1965824642090779,0.124546139828082,{'eta': 857.7401831846028}
adult_dataset_reader,hifi_initializer,acc_odds,0.8026185852316264,0.8465450525152017,0.575469063203202,0.0439264672835753,0.1689722464550704,0.0183435062047778,{'eta': 0.9840000666029113}
adult_dataset_reader,hifi_initializer,acc_opportunity,0.7900546504017668,0.8379215035931454,0.5524365926200064,0.0625017563136936,0.1766290441921925,0.0478668531913786,{'eta': 4.571097636690843}
bank_dataset_reader,hifi_initializer,mcc_parity,0.4199093809864767,0.8961954739258773,0.4907261819513261,0.0663599444747386,0.0708168009648494,0.1206210347952871,{'eta': 0.6746145545563015}
bank_dataset_reader,hifi_initializer,mcc_odds,0.4184330985840298,0.8947195801902263,0.5065684980291348,0.088135399445105,0.1191262331611352,0.1417082843713278,{'eta': 66.8530954290527}
bank_dataset_reader,hifi_initializer,mcc_opportunity,0.4933098083677657,0.889963922597573,0.5076519918777528,0.0275339347051119,0.0806663252115802,0.014342183509987,{'eta': 9.813990257842832}
bank_dataset_reader,hifi_initializer,acc_parity,0.830123092698081,0.9001311905542801,0.5368387409073758,0.0559252971235984,0.0700080978561991,0.0567629527739569,{'eta': 852.5830066692686}
bank_dataset_reader,hifi_initializer,acc_odds,0.7891642462688406,0.9007871433256806,0.5224257844010506,0.1116228970568399,0.1496365632003929,0.1373955431754875,{'eta': 693.9683824974107}
bank_dataset_reader,hifi_initializer,acc_opportunity,0.7928174812594647,0.9011151197113808,0.5104816590390785,0.0814395563518178,0.1126635602160077,0.108297638451916,{'eta': 8.9280096053}
compas_dataset_reader,hifi_initializer,mcc_parity,0.0683219574884708,0.653160453808752,0.2871098101203527,0.1991368011373075,0.2187878526318818,0.1568384927617023,{'eta': 0.03504668895648993}
compas_dataset_reader,hifi_initializer,mcc_odds,0.1603960107949167,0.6572123176661264,0.3002396298456218,0.1398436190507051,0.1597895828702674,0.1015446632420091,{'eta': 0.27412885192366054}
compas_dataset_reader,hifi_initializer,mcc_opportunity,0.1470130685168484,0.6547811993517018,0.309278005746624,0.1684031108167226,0.2047280773261907,0.1622649372297755,{'eta': 0.6906740206518145}
compas_dataset_reader,hifi_initializer,acc_parity,0.4707001964613778,0.6580226904376013,0.3144076966936046,0.1764579773489459,0.1873224939762234,0.1509593472028229,{'eta': 0.0013704882694926593}
compas_dataset_reader,hifi_initializer,acc_odds,0.5370057934353046,0.6555915721231766,0.3134184065391397,0.118585778687872,0.1434327968475526,0.0815653432588916,{'eta': 4.220398558954736}
compas_dataset_reader,hifi_initializer,acc_opportunity,0.5565847280905871,0.6661264181523501,0.3160355869902351,0.1828230163063478,0.2057092997891368,0.1095416900617629,{'eta': 0.0024329412726884258}
german_dataset_reader,hifi_initializer,mcc_parity,0.4215849315571565,0.79,0.4793786696336912,0.0599567099567099,0.0577937380765346,0.0095238095238096,{'eta': 0.005364940203068513}
german_dataset_reader,hifi_initializer,mcc_odds,0.2580927799282102,0.715,0.3023570441924745,0.0442642642642642,0.0971933471933471,0.069069069069069,{'eta': 0.8238641265069618}
german_dataset_reader,hifi_initializer,mcc_opportunity,0.2828476280548102,0.74,0.3327585014950954,0.043576126375315,0.0013275804845669,0.0499108734402852,{'eta': 0.10627838992273414}
german_dataset_reader,hifi_initializer,acc_parity,0.644820301117047,0.715,0.3182045837983773,0.0644047619047619,0.0701796988829529,0.1049999999999999,{'eta': 0.45568915494923506}
german_dataset_reader,hifi_initializer,acc_odds,0.7131119241955155,0.74,0.3763455794295562,0.0268880758044844,0.0815591221749099,0.0368421052631579,{'eta': 0.8286536446151632}
german_dataset_reader,hifi_initializer,acc_opportunity,0.5045238095238095,0.695,0.3011069533078969,0.1304232804232804,0.1392543859649123,0.1904761904761904,{'eta': 10.69553853823599}
adult_dataset_reader,hifi_initializer,mcc_parity,0.3893325658256881,0.8482034273079049,0.5666728538934183,0.0834921301580621,0.1773402880677302,0.1011373803649378,{'eta': 32.594825442377115}
adult_dataset_reader,hifi_initializer,mcc_odds,0.5183754639451092,0.8499723604201216,0.5900542708296896,0.0716788068845803,0.1848897544031605,0.0677154951602901,{'eta': 0.28503375604128817}
adult_dataset_reader,hifi_initializer,mcc_opportunity,0.4904283548258132,0.8474295190713101,0.5680408418650463,0.074638845140028,0.1706666717083549,0.077612487039233,{'eta': 0.02157045697365088}
adult_dataset_reader,hifi_initializer,acc_parity,0.6494235394008548,0.847208402432283,0.5732580995296368,0.108786172185967,0.1977848630314281,0.1335023693010883,{'eta': 6.0721256582242935}
adult_dataset_reader,hifi_initializer,acc_odds,0.7755514761617688,0.8407960199004975,0.5551831742367274,0.0652445437387286,0.1717661491661812,0.0587738390130108,{'eta': 0.5404620426866679}
adult_dataset_reader,hifi_initializer,acc_opportunity,0.7679829474377998,0.8438916528468767,0.5736813271957745,0.0795418559252915,0.1902644219583631,0.0759087054090769,{'eta': 0.045946691114285405}
bank_dataset_reader,hifi_initializer,mcc_parity,0.3691927138304096,0.8955395211544769,0.5066039064918972,0.059219643376654,0.1374111926614876,0.012053862303627,{'eta': 0.0129683805902576}
bank_dataset_reader,hifi_initializer,mcc_odds,0.4252406166586899,0.8965234503115775,0.5403701452755475,0.1151295286168575,0.1704514524035999,0.1479227656984968,{'eta': 38.74772104437507}
bank_dataset_reader,hifi_initializer,mcc_opportunity,0.4184000675509011,0.9014430960970812,0.5119626425209131,0.0610665673255935,0.0946180353442455,0.0935625749700119,{'eta': 170.93490092249024}
bank_dataset_reader,hifi_initializer,acc_parity,0.8816005247622172,0.8816005247622172,0.0,0.0,0.0,0.0,{'eta': 852.3236500198055}
bank_dataset_reader,hifi_initializer,acc_odds,0.8606247967359989,0.879960642833716,0.2937370577212818,0.0193358460977171,0.0218585964035229,0.0368318519420431,{'eta': 973.0438492085027}
bank_dataset_reader,hifi_initializer,acc_opportunity,0.875016371370281,0.8970154148901279,0.4994760405071402,0.0196623765408548,0.0747038694393261,0.0219990435198469,{'eta': 272.0580390638619}
compas_dataset_reader,hifi_initializer,mcc_parity,0.1587690608067452,0.6685575364667747,0.3272316792693637,0.1495113815910788,0.1684626184626184,0.0723509840410534,{'eta': 0.002248651011594479}
compas_dataset_reader,hifi_initializer,mcc_odds,0.1265176539941727,0.653160453808752,0.3067186803915543,0.1802010263973816,0.1957400789919127,0.1432665029226404,{'eta': 9.711878729333346}
compas_dataset_reader,hifi_initializer,mcc_opportunity,0.1834540064382892,0.6612641815235009,0.322881728474707,0.1960019144694863,0.2208764660233977,0.1394277220364177,{'eta': 1.415332794154995}
compas_dataset_reader,hifi_initializer,acc_parity,0.4970750297383894,0.6450567260940032,0.2782284718673855,0.1278027793313392,0.1479816963556137,0.0870344461818414,{'eta': 0.08699087270722708}
compas_dataset_reader,hifi_initializer,acc_odds,0.5458946100747119,0.6855753646677472,0.3590129148733813,0.1396807545930353,0.1654704204447948,0.0812608444187391,{'eta': 0.04894031389692809}
compas_dataset_reader,hifi_initializer,acc_opportunity,0.5567661636808058,0.6547811993517018,0.3056385910647287,0.09408121363387,0.1294995773699517,0.0980150356708959,{'eta': 0.02402898315557878}
german_dataset_reader,hifi_initializer,mcc_parity,0.2928624893662278,0.745,0.3505343846368965,0.0414624591095179,0.0576718952706687,0.008058608058608,{'eta': 0.3464559734565769}
german_dataset_reader,hifi_initializer,mcc_odds,0.1852332109864918,0.695,0.2765466594427975,0.0913134484563056,0.0880952380952381,0.0805860805860806,{'eta': 0.002919871753651472}
german_dataset_reader,hifi_initializer,mcc_opportunity,0.1499399983281443,0.69,0.2232409692019307,0.1292430780294858,0.0503871619346874,0.0733009708737864,{'eta': 0.004387890424044884}
german_dataset_reader,hifi_initializer,acc_parity,0.5705910666153253,0.725,0.3120390524326771,0.1626984126984127,0.1544089333846746,0.0952380952380952,{'eta': 4.941195581490585}
german_dataset_reader,hifi_initializer,acc_odds,0.69,0.69,0.0,0.0,0.0,0.0,{'eta': 650.3275681603899}
german_dataset_reader,hifi_initializer,acc_opportunity,0.7629881337648328,0.77,0.4057434113759125,0.0122205300674747,0.0663885992353146,0.0070118662351672,{'eta': 1.1268326346175075}
adult_dataset_reader,hifi_initializer,mcc_parity,0.3850566104996075,0.8456605859590934,0.5772963583858366,0.0840984635797448,0.192239747886229,0.0837896164755209,{'eta': 0.06199928149764874}
adult_dataset_reader,hifi_initializer,mcc_odds,0.5236599472314254,0.8507462686567164,0.5813844159903709,0.0577244687589455,0.1712890161691649,0.050941477296425,{'eta': 0.02512893375597411}
adult_dataset_reader,hifi_initializer,mcc_opportunity,0.5214766196740781,0.8467661691542289,0.5698316985182309,0.0592339345525419,0.1708952756687704,0.0483550788441528,{'eta': 3.233002742147737}
adult_dataset_reader,hifi_initializer,acc_parity,0.6624020411072797,0.8410171365395246,0.555271036652053,0.0742946038438249,0.1786150954322448,0.0694391501721645,{'eta': 818.0297133464769}
adult_dataset_reader,hifi_initializer,acc_odds,0.7937439763425873,0.8393587617468214,0.5513666378278795,0.0456147854042341,0.1561118014616325,0.0281793583872345,{'eta': 2.065944230236345}
adult_dataset_reader,hifi_initializer,acc_opportunity,0.7817589610701782,0.839469320066335,0.5518160715596887,0.0598178909361718,0.1594923693840218,0.0577103589961568,{'eta': 0.0025836457933849787}
bank_dataset_reader,hifi_initializer,mcc_parity,0.3887806439299434,0.8953755329616268,0.5420867757788043,0.0930652221597077,0.1533061318488609,0.1220505449754461,{'eta': 106.79782574348323}
bank_dataset_reader,hifi_initializer,mcc_odds,0.4976704940141487,0.8911118399475237,0.5603718818908597,0.0627013878767109,0.1804358180519171,0.0253584861307004,{'eta': 149.94781481820965}
bank_dataset_reader,hifi_initializer,mcc_opportunity,0.4244948717319639,0.8932436864545753,0.4768462470647056,0.0394507623860771,0.0937050315845954,0.0523513753327417,{'eta': 143.24099693293164}
bank_dataset_reader,hifi_initializer,acc_parity,0.8432666901972855,0.8978353558543785,0.4898734245738315,0.0207295952745284,0.0545686656570929,0.0388503038571251,{'eta': 528.4291776001643}
bank_dataset_reader,hifi_initializer,acc_odds,0.759388410732009,0.8925877336831748,0.4919709507748884,0.1331993229511657,0.1525164704611729,0.1867155144950621,{'eta': 0.0012485096457157201}
bank_dataset_reader,hifi_initializer,acc_opportunity,0.8143219435565024,0.9011151197113808,0.5049469123863143,0.0449573714337337,0.0553527843490668,0.0867931761548783,{'eta': 176.5333937799257}
compas_dataset_reader,hifi_initializer,mcc_parity,0.1080491718129564,0.6499189627228525,0.3075358773158918,0.1744499596065177,0.1994867055029353,0.1034503131277325,{'eta': 0.039910674126363024}
compas_dataset_reader,hifi_initializer,mcc_odds,0.152568274642243,0.6588330632090762,0.3094678272178476,0.1568995525756045,0.1692568681685973,0.0848683445146779,{'eta': 0.0029082461640926242}
compas_dataset_reader,hifi_initializer,mcc_opportunity,0.191782235050666,0.6588330632090762,0.3020763526977249,0.1578205768455729,0.1663964958267227,0.1102941176470588,{'eta': 5.176494914725808}
compas_dataset_reader,hifi_initializer,acc_parity,0.5485699058632608,0.5980551053484603,0.170883150484624,0.0490293453854071,0.0494851994851994,0.0049409528980588,{'eta': 277.4797970619766}
compas_dataset_reader,hifi_initializer,acc_odds,0.4152022555291911,0.6288492706645057,0.2618009349679492,0.2136470151353145,0.2296362154552864,0.1956568022141792,{'eta': 0.04056617869169714}
compas_dataset_reader,hifi_initializer,acc_opportunity,0.5012863930424488,0.6685575364667747,0.3157393273941939,0.1469138461383859,0.2004711916974829,0.1672711434243259,{'eta': 0.13715129932921574}
german_dataset_reader,hifi_initializer,mcc_parity,0.2754484497194426,0.735,0.3666572409282338,0.085183227625088,0.0912087912087912,0.0794573643410851,{'eta': 0.4244537019184109}
german_dataset_reader,hifi_initializer,mcc_odds,0.3096627854949863,0.72,0.324535056884512,0.0148722713895256,0.0517263509177255,0.0170595533498758,{'eta': 4.7255146841337226}
german_dataset_reader,hifi_initializer,mcc_opportunity,0.3664076898794757,0.755,0.3783440294020221,0.0259898147829182,0.0458333333333333,0.0119363395225464,{'eta': 0.03417880477674594}
german_dataset_reader,hifi_initializer,acc_parity,0.744900437105391,0.75,0.3590362044343195,0.0120736868309683,0.005099562894609,0.0113268608414238,{'eta': 7.803639880703068}
german_dataset_reader,hifi_initializer,acc_odds,0.75,0.75,0.0,0.0,0.0,0.0,{'eta': 304.33417008409896}
german_dataset_reader,hifi_initializer,acc_opportunity,0.7670910718281494,0.77,0.2622652641564811,0.0130409168488486,0.0189412336085478,0.0029089281718506,{'eta': 32.428668045518286}
adult_dataset_reader,hifi_initializer,mcc_parity,0.4341312576466559,0.8551686014372581,0.5817951959868647,0.0378138287001171,0.1476639383402088,0.0238390423596589,{'eta': 6.5549828768470775}
adult_dataset_reader,hifi_initializer,mcc_odds,0.5211408728559819,0.8454394693200663,0.5712555081752297,0.0501146353192478,0.1617989862384975,0.0301114955347593,{'eta': 3.2490604058525867}
adult_dataset_reader,hifi_initializer,mcc_opportunity,0.5313334169521182,0.8449972360420122,0.5512252792764472,0.0390516681975059,0.1526513785285543,0.0198918623243289,{'eta': 0.003825314160935754}
adult_dataset_reader,hifi_initializer,acc_parity,0.7482587064676617,0.7482587064676617,0.0,0.0,0.0,0.0,{'eta': 335.7205487216292}
adult_dataset_reader,hifi_initializer,acc_odds,0.7977105967062468,0.8428966279712549,0.5595063176656,0.045186031265008,0.1630511708667136,0.0173611111111111,{'eta': 0.4602320072717324}
adult_dataset_reader,hifi_initializer,acc_opportunity,0.8074365118764077,0.8456605859590934,0.5666191125979714,0.0549744407228302,0.1708848203761679,0.0382240740826856,{'eta': 19.02238498405013}
bank_dataset_reader,hifi_initializer,mcc_parity,0.3967143692128586,0.8952115447687766,0.4870499294922391,0.1121091620775633,0.0903355602793805,0.2007416081186573,{'eta': 0.2796964059385566}
bank_dataset_reader,hifi_initializer,mcc_odds,0.4220955608732493,0.892915710068875,0.5005736266893832,0.0784780658161339,0.1277107443354295,0.0570742700372329,{'eta': 0.1283372232579063}
bank_dataset_reader,hifi_initializer,mcc_opportunity,0.4465704617003831,0.9016070842899312,0.5145412839815503,0.0347433139081834,0.0353764318792418,0.0679708222811671,{'eta': 58.28463154864225}
bank_dataset_reader,hifi_initializer,acc_parity,0.8776648081338143,0.8776648081338143,0.0,0.0,0.0,0.0,{'eta': 639.4687972547961}
bank_dataset_reader,hifi_initializer,acc_odds,0.7481783802203319,0.8970154148901279,0.5119760437611841,0.1488370346697961,0.1744895969582984,0.2368213561612975,{'eta': 529.0628222366234}
bank_dataset_reader,hifi_initializer,acc_opportunity,0.6794160422614659,0.8961954739258773,0.5344614063905888,0.1472312759608342,0.1658105899856101,0.2167794316644113,{'eta': 41.531146228129785}
compas_dataset_reader,hifi_initializer,mcc_parity,0.0500652792342068,0.6434359805510534,0.2747353935636519,0.2088675748198266,0.224670114329445,0.1646669120353331,{'eta': 0.0011221839365791546}
compas_dataset_reader,hifi_initializer,mcc_odds,0.0986500802991015,0.6491085899513777,0.2838526459424443,0.1852025656433428,0.1940529908596552,0.1051536491677336,{'eta': 0.5355406313795574}
compas_dataset_reader,hifi_initializer,mcc_opportunity,0.1486953651389897,0.6645056726094003,0.3237900825571793,0.2187497917407961,0.239648033126294,0.1750947174181896,{'eta': 0.05966347863597465}
compas_dataset_reader,hifi_initializer,acc_parity,0.5372771474878444,0.5372771474878444,0.0,0.0,0.0,0.0,{'eta': 177.12696424671293}
compas_dataset_reader,hifi_initializer,acc_odds,0.4386502103789185,0.6385737439222042,0.2764800267930015,0.1999235335432856,0.2103560738060135,0.0956521739130434,{'eta': 1.405966993503644}
compas_dataset_reader,hifi_initializer,acc_opportunity,0.5405831470886825,0.6661264181523501,0.3213846619895276,0.170930157946365,0.1867925645275869,0.1255432710636675,{'eta': 0.07645315638468232}
german_dataset_reader,hifi_initializer,mcc_parity,0.1824494266883597,0.73,0.4080659154627433,0.1133680850661983,0.2256164887743835,0.1816911250873515,{'eta': 0.3690138545530883}
german_dataset_reader,hifi_initializer,mcc_odds,0.3439503905968025,0.79,0.4899801183495628,0.1460297277527602,0.0783223264975089,0.0261503645964295,{'eta': 0.01878008195407626}
german_dataset_reader,hifi_initializer,mcc_opportunity,-0.1155162817478541,0.61,0.1715985641905212,0.1773412067529714,0.1812713763415497,0.2871148459383754,{'eta': 0.0011510041789023647}
german_dataset_reader,hifi_initializer,acc_parity,0.7,0.7,0.0,0.0,0.0,0.0,{'eta': 16.78529902225387}
german_dataset_reader,hifi_initializer,acc_odds,0.6375590644959368,0.725,0.3356127954931576,0.0874409355040632,0.1032470826991375,0.0988416988416989,{'eta': 2.222076727622308}
german_dataset_reader,hifi_initializer,acc_opportunity,0.6251162790697675,0.66,0.0220519920358125,0.0396640826873384,0.0381679389312976,0.0348837209302325,{'eta': 986.556106556943}
adult_dataset_reader,hifi_initializer,mcc_parity,0.395052503023272,0.8438916528468767,0.560921281374048,0.0769180341050308,0.1658687783507759,0.0846750698572516,{'eta': 5.011630123302317}
adult_dataset_reader,hifi_initializer,mcc_odds,0.4686002023027903,0.8352681039248203,0.5448698577779525,0.0762696554751621,0.1772969780536371,0.076706400283545,{'eta': 1.2836204052592095}
adult_dataset_reader,hifi_initializer,mcc_opportunity,0.5048550947341407,0.8403537866224433,0.5649116790962806,0.0708161682767818,0.1871096918085968,0.0600565843621399,{'eta': 0.9387135287939137}
adult_dataset_reader,hifi_initializer,acc_parity,0.6450868905653087,0.8514096185737977,0.5852197686740565,0.1021425559018233,0.206322728008489,0.1114640205261788,{'eta': 803.2495548605742}
adult_dataset_reader,hifi_initializer,acc_odds,0.7631938311428125,0.8446655610834716,0.5547996502728879,0.0814717299406591,0.1738461883460103,0.0934893495368164,{'eta': 93.23656072689978}
adult_dataset_reader,hifi_initializer,acc_opportunity,0.8051714065664176,0.8393587617468214,0.5592737340043832,0.0631136749931366,0.1888051722973733,0.0341873551804038,{'eta': 3.6859355566729706}
bank_dataset_reader,hifi_initializer,mcc_parity,0.3581477613881013,0.894227615611676,0.5069138896326202,0.0521865708832451,0.1487661282445188,0.0123607242339832,{'eta': 0.05191255545612523}
bank_dataset_reader,hifi_initializer,mcc_odds,0.3985031320273746,0.8919317809117744,0.4848669744822585,0.0863638424548839,0.1691379587248052,0.0707803441891522,{'eta': 4.255095573386763}
bank_dataset_reader,hifi_initializer,mcc_opportunity,0.4392652516123492,0.8981633322400787,0.4664557940323771,0.0356834477582391,0.0787118560952232,0.0271905424200278,{'eta': 186.29476385563186}
bank_dataset_reader,hifi_initializer,acc_parity,0.8256051907566633,0.8955395211544769,0.5012567021075649,0.0412521307015902,0.0699343303978135,0.0509074811863656,{'eta': 406.89009703218517}
bank_dataset_reader,hifi_initializer,acc_odds,0.8246683549240124,0.8963594621187274,0.4873657246375404,0.0716911071947151,0.0851428181931077,0.1038251366120219,{'eta': 4.628453359535083}
bank_dataset_reader,hifi_initializer,acc_opportunity,0.8192615959529702,0.8902918989832732,0.5079932809839718,0.0526083616511077,0.0760358522596284,0.071030303030303,{'eta': 0.9527911893877318}
compas_dataset_reader,hifi_initializer,mcc_parity,0.1190455983509838,0.6410048622366289,0.2816969500877175,0.1468503386927122,0.1626513517367336,0.113407056345445,{'eta': 4.925434089259472}
compas_dataset_reader,hifi_initializer,mcc_odds,0.2157330078053379,0.6620745542949756,0.3202525782357864,0.1045195704304484,0.1361977278220933,0.0832875068739689,{'eta': 2.9757244294982943}
compas_dataset_reader,hifi_initializer,mcc_opportunity,0.1339889662731372,0.6450567260940032,0.2819822145852152,0.1412656850060613,0.1620077379113523,0.1479932483120779,{'eta': 0.0011988602815082502}
compas_dataset_reader,hifi_initializer,acc_parity,0.4522100632887098,0.586709886547812,0.2122880620659333,0.1197811335888643,0.1344998232591021,0.0865258299307651,{'eta': 171.77231827022084}
compas_dataset_reader,hifi_initializer,acc_odds,0.574430672366097,0.666936790923825,0.3230889022824968,0.0925061185577279,0.1098514098514098,0.0512264150943396,{'eta': 0.002629305088924682}
compas_dataset_reader,hifi_initializer,acc_opportunity,0.523255304322157,0.6547811993517018,0.3056385910647287,0.1209640788786944,0.1618393225077379,0.1315258950295447,{'eta': 1.8473028551416706}
german_dataset_reader,hifi_initializer,mcc_parity,0.2774390798073124,0.745,0.3493522412727127,0.0758024042950513,0.0719131614654002,0.0013071895424836,{'eta': 0.7231435478340015}
german_dataset_reader,hifi_initializer,mcc_odds,0.3907096824089077,0.765,0.4489021003277124,0.0581924179188046,0.0133333333333333,0.0390316205533596,{'eta': 3.0845927547921748}
german_dataset_reader,hifi_initializer,mcc_opportunity,0.2636851711893441,0.745,0.3936851711893441,0.1797186147186147,0.1954832442933463,0.13,{'eta': 0.09364870801599365}
german_dataset_reader,hifi_initializer,acc_parity,0.6029058354007119,0.74,0.4226180919517341,0.1785675982104554,0.1370941645992881,0.0226757369614513,{'eta': 0.0015074410666239585}
german_dataset_reader,hifi_initializer,acc_odds,0.6450731913346592,0.78,0.427981618889913,0.1349268086653407,0.1829546820531313,0.0294690019460661,{'eta': 10.01215680831386}
german_dataset_reader,hifi_initializer,acc_opportunity,0.6975274725274726,0.775,0.4414331929436433,0.0393315018315018,0.0109126984126984,0.0774725274725274,{'eta': 0.0409753651159218}
adult_dataset_reader,hifi_initializer,mcc_parity,0.3958934338414387,0.8476506357103372,0.582800019496499,0.0996354303585519,0.1869065856550602,0.1284192555173512,{'eta': 0.19440509111633342}
adult_dataset_reader,hifi_initializer,mcc_odds,0.4906449966963193,0.8434494195688226,0.5532648080824403,0.0626198113861209,0.1571191909304909,0.0679280255727558,{'eta': 0.03558074987742186}
adult_dataset_reader,hifi_initializer,mcc_opportunity,0.529719695966584,0.85085682697623,0.5851751350229405,0.0701873867502674,0.1920731232751406,0.0554554390563565,{'eta': 47.70031942289815}
adult_dataset_reader,hifi_initializer,acc_parity,0.7551133222775014,0.7551133222775014,0.0,0.0,0.0,0.0,{'eta': 887.4998083909866}
adult_dataset_reader,hifi_initializer,acc_odds,0.7377043334689319,0.8470978441127694,0.5737725891543182,0.1093935106438375,0.187733174948638,0.1391875644597913,{'eta': 0.0019247144123061737}
adult_dataset_reader,hifi_initializer,acc_opportunity,0.7676482345466104,0.8463239358761747,0.5657428083330952,0.0877677642684937,0.1991052861321166,0.0786757013295643,{'eta': 0.007478370799027553}
bank_dataset_reader,hifi_initializer,mcc_parity,0.4521597071128312,0.9017710724827812,0.5360878947644232,0.0409418325334069,0.0839281876515919,0.0439909297052154,{'eta': 63.6270284655269}
bank_dataset_reader,hifi_initializer,mcc_odds,0.5137025877366116,0.8940636274188258,0.5719149330370472,0.0582123453004356,0.1260373249220833,0.0456560283687943,{'eta': 202.19776992232661}
bank_dataset_reader,hifi_initializer,mcc_opportunity,0.4802479058051658,0.8961954739258773,0.5401118513833971,0.0345403518193485,0.0713384867323259,0.0598639455782312,{'eta': 90.46499733322148}
bank_dataset_reader,hifi_initializer,acc_parity,0.7672294447061025,0.8955395211544769,0.5262510633331741,0.0630949053644915,0.1283100764483743,0.0495330525544771,{'eta': 472.78059182963426}
bank_dataset_reader,hifi_initializer,acc_odds,0.8084475781628767,0.9002951787471302,0.4854002890470429,0.0918476005842534,0.1168544174426527,0.1297334898482675,{'eta': 450.4957703521448}
bank_dataset_reader,hifi_initializer,acc_opportunity,0.873799568796149,0.8993112495900295,0.5039404679794888,0.0227362336217101,0.0593980061871179,0.0255116807938805,{'eta': 0.8424669808796622}
compas_dataset_reader,hifi_initializer,mcc_parity,0.0413737274139593,0.6442463533225283,0.283635263404414,0.2230865629380086,0.2422615359904545,0.1649920582513875,{'eta': 0.004844673552228217}
compas_dataset_reader,hifi_initializer,mcc_odds,0.1612393651747552,0.6564019448946515,0.3096903325842375,0.1484509674094822,0.1692719460665622,0.1121776361644926,{'eta': 0.021321435016166648}
compas_dataset_reader,hifi_initializer,mcc_opportunity,0.0,0.5551053484602917,0.0,0.0,0.0,0.0,{'eta': 0.010814194053020717}
compas_dataset_reader,hifi_initializer,acc_parity,0.4706040701521252,0.6491085899513777,0.2868130261170168,0.1588362126459255,0.1785045197992524,0.1223146819703491,{'eta': 10.527494225597888}
compas_dataset_reader,hifi_initializer,acc_odds,0.5702918485875865,0.6296596434359806,0.2644304178971983,0.0593677948483941,0.0835887096774193,0.0581491041035424,{'eta': 78.87398188451004}
compas_dataset_reader,hifi_initializer,acc_opportunity,0.4788044714564401,0.6312803889789304,0.2536034494986775,0.1595496863560943,0.1734263997658557,0.1524759175224902,{'eta': 0.008212921433769478}
german_dataset_reader,hifi_initializer,mcc_parity,0.1734987561347553,0.705,0.2625937836398787,0.1036925287356321,0.0890950275051234,0.0423850574712644,{'eta': 1.1611990996742676}
german_dataset_reader,hifi_initializer,mcc_odds,0.3467452286046237,0.75,0.3946181330968509,0.0478729044922271,0.0577937380765346,0.0823311748381128,{'eta': 3.7089139625543646}
german_dataset_reader,hifi_initializer,mcc_opportunity,0.206284344374411,0.695,0.2865159407350396,0.0654450788287439,0.0738095238095237,0.0802315963606286,{'eta': 0.0755712140223322}
german_dataset_reader,hifi_initializer,acc_parity,0.7052185526954833,0.755,0.3821237005142025,0.0761236036465394,0.0497814473045167,0.048351103396975,{'eta': 6.3400718390787985}
german_dataset_reader,hifi_initializer,acc_odds,0.74,0.74,0.0,0.0,0.0,0.0,{'eta': 374.0332036004622}
german_dataset_reader,hifi_initializer,acc_opportunity,0.6539795918367347,0.705,0.3123773234295207,0.1103586889301174,0.0726291252607042,0.0510204081632652,{'eta': 0.29911992649350455}
adult_dataset_reader,hifi_initializer,mcc_parity,0.39480557823248,0.8489773355444997,0.5661866671266472,0.0875886709145694,0.1713810888941672,0.1062562303504333,{'eta': 3.381606550363171}
adult_dataset_reader,hifi_initializer,mcc_odds,0.5337258995544473,0.8512990602542841,0.5804643165319292,0.0467384169774819,0.1756125757987102,0.0203311265270782,{'eta': 0.03841424870493535}
adult_dataset_reader,hifi_initializer,mcc_opportunity,0.4985670782597331,0.8452183526810393,0.5666936290897854,0.0701898726091197,0.1753611359581886,0.0681265508300522,{'eta': 1.4995143893824407}
adult_dataset_reader,hifi_initializer,acc_parity,0.646899525226451,0.8458817025981205,0.5633961591819944,0.116179734932253,0.1989821773716694,0.14440245398773,{'eta': 693.7505952921665}
adult_dataset_reader,hifi_initializer,acc_odds,0.7421222848300737,0.8455500276395799,0.5572448196117258,0.1034277428095062,0.1789215932073075,0.1366984885690649,{'eta': 0.6369420240939997}
adult_dataset_reader,hifi_initializer,acc_opportunity,0.7633206684282046,0.838253178551686,0.5528996908556708,0.0835448175557094,0.1929444181580339,0.0749325101234814,{'eta': 1.8617132373597318}
bank_dataset_reader,hifi_initializer,mcc_parity,0.5236005319839441,0.9032469662184324,0.5384464219917143,0.1045494431657222,0.0148458900077702,0.1988121640416493,{'eta': 113.36240938902559}
bank_dataset_reader,hifi_initializer,mcc_odds,0.4995726299676201,0.897179403082978,0.5204419639262893,0.0208693339586691,0.0921425096964333,0.0282724329324699,{'eta': 52.42504732472393}
bank_dataset_reader,hifi_initializer,mcc_opportunity,0.2988511555363866,0.8884880288619219,0.5066703228757939,0.1245781571820221,0.1449914183179903,0.2078191673394073,{'eta': 35.84684071560443}
bank_dataset_reader,hifi_initializer,acc_parity,0.7637603046421269,0.9004591669399803,0.4628652857423306,0.123882080480561,0.1366988622978534,0.1741104424031253,{'eta': 416.21196560326115}
bank_dataset_reader,hifi_initializer,acc_odds,0.867092507144285,0.8975073794686782,0.5095453129127695,0.0304148723243932,0.0439427195080848,0.0403681428831784,{'eta': 25.104807400393003}
bank_dataset_reader,hifi_initializer,acc_opportunity,0.8757005298435415,0.897179403082978,0.5121707065044399,0.0499257150930128,0.1142247270101151,0.0214788732394365,{'eta': 1.8527641219549422}
compas_dataset_reader,hifi_initializer,mcc_parity,0.1712543546637297,0.6458670988654781,0.273521218347002,0.0880593856161183,0.1022668636832723,0.0524659067966154,{'eta': 12.006042411524582}
compas_dataset_reader,hifi_initializer,mcc_odds,0.1109255482606235,0.6515397082658023,0.2967714357615537,0.1858458875009301,0.2086211693046546,0.1576635924462011,{'eta': 12.210573837154044}
compas_dataset_reader,hifi_initializer,mcc_opportunity,0.1399591427911486,0.6102106969205835,0.2313325238030055,0.136417501746123,0.1498259337258778,0.0913733810118568,{'eta': 4.451237796030093}
compas_dataset_reader,hifi_initializer,acc_parity,0.4746436096453424,0.6742301458670988,0.3418485429796899,0.1658989557993107,0.1995865362217563,0.162876495172215,{'eta': 0.0295001969027913}
compas_dataset_reader,hifi_initializer,acc_odds,0.5235679119712451,0.6555915721231766,0.3069759643362413,0.1320236601519315,0.1493368896791879,0.0921346956048606,{'eta': 0.05984695400132137}
compas_dataset_reader,hifi_initializer,acc_opportunity,0.5400841167177938,0.6499189627228525,0.2949150849139302,0.14657607973688,0.1632284303573304,0.1098348460050587,{'eta': 2.571001469773872}
german_dataset_reader,hifi_initializer,mcc_parity,0.3927440229125821,0.74,0.413883728794935,0.0181735911536516,0.0211397058823529,0.0274740678441267,{'eta': 0.5441399906232945}
german_dataset_reader,hifi_initializer,mcc_odds,0.2103542781597874,0.69,0.2699166228285151,0.0595623446687276,0.0341474445952058,0.0376432078559738,{'eta': 0.0024135936603480812}
german_dataset_reader,hifi_initializer,mcc_opportunity,0.308353691816963,0.725,0.3220010024939766,0.0198955507633434,0.019533231861999,0.0136473106770136,{'eta': 0.2340381492939993}
german_dataset_reader,hifi_initializer,acc_parity,0.7209157919565987,0.755,0.3930174041013409,0.0698578240534606,0.0340842080434012,0.0047950131862862,{'eta': 2.589219619910395}
german_dataset_reader,hifi_initializer,acc_odds,0.5958785333175577,0.715,0.1863860305229,0.1191214666824422,0.0877742946708464,0.0498960498960499,{'eta': 23.926581369495}
german_dataset_reader,hifi_initializer,acc_opportunity,0.7079906067529829,0.725,0.342129740474947,0.1196158077346196,0.1254779283976363,0.0170093932470171,{'eta': 0.10206443660155119}
adult_dataset_reader,hifi_initializer,mcc_parity,0.3993101767881344,0.8461028192371476,0.5697936429987986,0.04519525763445,0.1704834662106642,0.0175803038448272,{'eta': 2.040960022501211}
adult_dataset_reader,hifi_initializer,mcc_odds,0.4953670120252659,0.845771144278607,0.5746962026542783,0.0793291906290124,0.1878812212937725,0.0758152965877391,{'eta': 0.0010485678600405115}
adult_dataset_reader,hifi_initializer,mcc_opportunity,0.4786555459984802,0.844776119402985,0.5620217335266727,0.0782110558214335,0.1857963854510624,0.0833661875281924,{'eta': 0.9760135864499568}
adult_dataset_reader,hifi_initializer,acc_parity,0.6670040370537883,0.8458817025981205,0.5615784194411564,0.1140716225858438,0.1788776655443321,0.1475005315636925,{'eta': 795.5898126041624}
adult_dataset_reader,hifi_initializer,acc_odds,0.7792277067365978,0.8438916528468767,0.569736405073612,0.0646639461102789,0.1776034589377244,0.0488882069305942,{'eta': 95.26762333549392}
adult_dataset_reader,hifi_initializer,acc_opportunity,0.7660834937981742,0.8466556108347153,0.5650879972695263,0.0708591836490564,0.1603269176611928,0.0805721170365411,{'eta': 6.6406257535073845}
bank_dataset_reader,hifi_initializer,mcc_parity,0.4324903172558793,0.8943916038045261,0.5033266383212192,0.0214758319844106,0.0708363210653398,0.0309745735844271,{'eta': 72.85122752743709}
bank_dataset_reader,hifi_initializer,mcc_odds,0.4444901800965376,0.892915710068875,0.4795228309127124,0.0350326508161748,0.0975491103794814,0.0118421052631578,{'eta': 0.2567926011121191}
bank_dataset_reader,hifi_initializer,mcc_opportunity,0.4758852059301049,0.9001311905542801,0.5290480592275477,0.0547155769965238,0.0726206860072993,0.0531628532974427,{'eta': 82.00266393494982}
bank_dataset_reader,hifi_initializer,acc_parity,0.7824655191139974,0.9037389307969826,0.5097953469844533,0.066263540338884,0.1212734116829852,0.0517450223332576,{'eta': 907.9505912073887}
bank_dataset_reader,hifi_initializer,acc_odds,0.7768412650347919,0.898491308625779,0.5358521052972272,0.1216500435909871,0.1760097172331215,0.1229088686884118,{'eta': 321.1356591709657}
bank_dataset_reader,hifi_initializer,acc_opportunity,0.8445215787470028,0.8952115447687766,0.4919341557789989,0.0360640842712772,0.0726128638483265,0.0506899660217737,{'eta': 394.22554693796945}
compas_dataset_reader,hifi_initializer,mcc_parity,0.1325566650002193,0.6580226904376013,0.3072270162225224,0.1459752099363282,0.1746703512223031,0.0892572944297082,{'eta': 0.13230347055148312}
compas_dataset_reader,hifi_initializer,mcc_odds,0.2244540967753319,0.679902755267423,0.3365464762379933,0.1120923794626613,0.1609631276479718,0.1293306319644666,{'eta': 0.00524523055850869}
compas_dataset_reader,hifi_initializer,mcc_opportunity,0.2148715106601924,0.6750405186385737,0.33755719808335,0.179454094396025,0.2039023649989493,0.1226856874231576,{'eta': 6.111288846199314}
compas_dataset_reader,hifi_initializer,acc_parity,0.5502431118314425,0.5502431118314425,0.0,0.0,0.0,0.0,{'eta': 343.1656746540541}
compas_dataset_reader,hifi_initializer,acc_odds,0.4626828633919225,0.6426256077795786,0.2818733212465978,0.179942744387656,0.2047235023041475,0.1423076923076922,{'eta': 0.015611826187700864}
compas_dataset_reader,hifi_initializer,acc_opportunity,0.5156131970083832,0.653160453808752,0.3097375242263129,0.1967263843056962,0.2043548237795355,0.1375472568003688,{'eta': 0.03290969746023413}
german_dataset_reader,hifi_initializer,mcc_parity,0.0839895124327582,0.72,0.285870390175705,0.1609413761587674,0.2018808777429467,0.1774383078730904,{'eta': 0.6169975050084802}
german_dataset_reader,hifi_initializer,mcc_odds,0.2994322040183611,0.75,0.3755482980692378,0.0761160940508766,0.0128968253968254,0.025058275058275,{'eta': 3.713192808914347}
german_dataset_reader,hifi_initializer,mcc_opportunity,0.2161093868731332,0.71,0.2584374292011756,0.1204883454883455,0.0633228840125391,0.0423280423280423,{'eta': 5.557479046891989}
german_dataset_reader,hifi_initializer,acc_parity,0.6657142857142857,0.73,0.3349964943904211,0.0098777265813891,0.0642857142857142,0.0088622069754145,{'eta': 5.1339488386040815}
german_dataset_reader,hifi_initializer,acc_odds,0.645,0.645,0.0,0.0,0.0,0.0,{'eta': 140.84556430795655}
german_dataset_reader,hifi_initializer,acc_opportunity,0.6414644012944984,0.725,0.2411673156625031,0.0952765712825753,0.1030187408820558,0.0835355987055015,{'eta': 0.0407308050969666}
adult_dataset_reader,hifi_initializer,mcc_parity,0.3766792606182719,0.845771144278607,0.5700634386528668,0.0885891436924441,0.1933841780345948,0.0923545253470196,{'eta': 0.002867789946991989}
adult_dataset_reader,hifi_initializer,mcc_odds,0.4763837134506767,0.8499723604201216,0.5726646082375539,0.0962808947868772,0.1806817023674634,0.1220464152370927,{'eta': 2.2661551147659527}
adult_dataset_reader,hifi_initializer,mcc_opportunity,0.4947742175282422,0.8476506357103372,0.5732605490727737,0.0824141300462105,0.1883463154952841,0.0784863315445314,{'eta': 0.004781925831089492}
adult_dataset_reader,hifi_initializer,acc_parity,0.7512437810945274,0.7512437810945274,0.0,0.0,0.0,0.0,{'eta': 712.4976722520049}
adult_dataset_reader,hifi_initializer,acc_odds,0.7802860566945066,0.8476506357103372,0.5740636045132024,0.0673645790158305,0.1826975649811592,0.0567307195619608,{'eta': 114.79069158667984}
adult_dataset_reader,hifi_initializer,acc_opportunity,0.7991174051669688,0.8431177446102819,0.5736693089890673,0.0629036299099765,0.1898122258452881,0.044000339443313,{'eta': 0.0029662988825321993}
bank_dataset_reader,hifi_initializer,mcc_parity,0.4683510869670584,0.8976713676615283,0.5622518722986614,0.0437480681847294,0.0939007853316029,0.0455822165155285,{'eta': 123.38672593963074}
bank_dataset_reader,hifi_initializer,mcc_odds,0.3267239991719769,0.8916038045260741,0.438533886285344,0.111809887113367,0.122513480289442,0.1876113825812014,{'eta': 32.4581611726387}
bank_dataset_reader,hifi_initializer,mcc_opportunity,0.4007255316734973,0.8889799934404723,0.4763557837743376,0.0526396497899966,0.0936759793501366,0.0756302521008402,{'eta': 0.0014714345920482732}
bank_dataset_reader,hifi_initializer,acc_parity,0.784401889243149,0.9004591669399803,0.5190696534208012,0.1249516267417234,0.1160572776968312,0.2111920947508584,{'eta': 802.3770636049821}
bank_dataset_reader,hifi_initializer,acc_odds,0.821859753621371,0.8917677927189243,0.5046629642766192,0.0699080390975533,0.1371033757650858,0.1119009041969372,{'eta': 0.7597646339043461}
bank_dataset_reader,hifi_initializer,acc_opportunity,0.8608238514352311,0.8858642177763201,0.5066448349621302,0.037616979240348,0.1209078636517043,0.0250403663410889,{'eta': 3.1063181969727083}
compas_dataset_reader,hifi_initializer,mcc_parity,0.1474549480524832,0.6588330632090762,0.3075192005269121,0.1372523174646973,0.1600642524744289,0.1171265861489069,{'eta': 0.0041031960003098614}
compas_dataset_reader,hifi_initializer,mcc_odds,0.2071654571663985,0.6693679092382496,0.3346998961742462,0.1275344390078477,0.1625843874143939,0.1272036474164134,{'eta': 0.7105508555507719}
compas_dataset_reader,hifi_initializer,mcc_opportunity,0.2174519832739456,0.6790923824959482,0.3537951390818216,0.1813962155850974,0.1972843010078673,0.1363431558078759,{'eta': 0.044738306786883744}
compas_dataset_reader,hifi_initializer,acc_parity,0.5400430676984652,0.5494327390599676,0.0341227744842475,0.0108212649367991,0.0093896713615023,0.0038910505836575,{'eta': 521.8750629109433}
compas_dataset_reader,hifi_initializer,acc_odds,0.5480563214331212,0.6588330632090762,0.3041920264711443,0.1107767417759549,0.1313745601534584,0.0506163126147389,{'eta': 0.004550840754909093}
compas_dataset_reader,hifi_initializer,acc_opportunity,0.6238541633913505,0.653160453808752,0.2984000966323377,0.137986478542034,0.1451808648521267,0.0293062904174015,{'eta': 5.619944199301488}
german_dataset_reader,hifi_initializer,mcc_parity,0.2211842520586254,0.68,0.2559098470076298,0.0531023504707715,0.0347255949490044,0.0656641604010025,{'eta': 3.928031032826298}
german_dataset_reader,hifi_initializer,mcc_odds,0.1163266515963927,0.7,0.2231958360517841,0.1068691844553914,0.0266666666666667,0.0708812260536398,{'eta': 3.1314473567243657}
german_dataset_reader,hifi_initializer,mcc_opportunity,0.1587566729608231,0.705,0.2563609320557655,0.0680055434877272,0.0632478632478632,0.0976042590949424,{'eta': 6.7523569430393655}
german_dataset_reader,hifi_initializer,acc_parity,0.6635624089363769,0.725,0.2699790224769465,0.0801612872694206,0.0614375910636231,0.1030073407530192,{'eta': 0.004368748499782964}
german_dataset_reader,hifi_initializer,acc_odds,0.723129713423831,0.745,0.2567762955065477,0.0218702865761689,0.0066666666666665,0.0,{'eta': 408.72996943007814}
german_dataset_reader,hifi_initializer,acc_opportunity,0.7043301435406699,0.745,0.3605904734106832,0.0268873475845037,0.0929306339196814,0.04066985645933,{'eta': 0.32817285553450326}
adult_dataset_reader,hifi_initializer,mcc_parity,0.4005671026624298,0.8487562189054726,0.5666852897726318,0.043562186640735,0.1661181871102019,0.0205485040876522,{'eta': 61.603822732609565}
adult_dataset_reader,hifi_initializer,mcc_odds,0.488195314205501,0.839690436705362,0.5616182139361915,0.0734228997306904,0.1776185591870497,0.073149082223919,{'eta': 0.004247553725231794}
adult_dataset_reader,hifi_initializer,mcc_opportunity,0.4074514196161311,0.8488667772249862,0.5788809295873648,0.1360966908889095,0.2143625553168422,0.1714295099712336,{'eta': 247.48857828827147}
adult_dataset_reader,hifi_initializer,acc_parity,0.756440022111664,0.756440022111664,0.0,0.0,0.0,0.0,{'eta': 952.5576954614535}
adult_dataset_reader,hifi_initializer,acc_odds,0.753062236847629,0.8438916528468767,0.5753642286206292,0.0908294159992477,0.216333918141642,0.0759787753738427,{'eta': 13.661697353487513}
adult_dataset_reader,hifi_initializer,acc_opportunity,0.8422549056415136,0.8480928689883914,0.5768227789617045,0.041071408535141,0.1760693478536867,0.0058379633468778,{'eta': 2.0713218832516183}
bank_dataset_reader,hifi_initializer,mcc_parity,0.4026619907231534,0.8950475565759265,0.5024910115826086,0.0807802274751535,0.0998290208594551,0.1182140387275242,{'eta': 0.02621091398082476}
bank_dataset_reader,hifi_initializer,mcc_odds,0.4640420224168794,0.8937356510331256,0.5062516073195266,0.0422095849026471,0.0945697828400588,0.048,{'eta': 9.303229122459548}
bank_dataset_reader,hifi_initializer,mcc_opportunity,0.3034063936025626,0.8883240406690718,0.4599853409709837,0.1093802821006003,0.1166926055268751,0.156578947368421,{'eta': 0.01284085486286352}
bank_dataset_reader,hifi_initializer,acc_parity,0.7982746779168588,0.8986552968186291,0.532322066765522,0.0726651297126866,0.1003806189017702,0.0783163705364843,{'eta': 148.4030556507941}
bank_dataset_reader,hifi_initializer,acc_odds,0.8678313051702706,0.8879960642833716,0.4790437202940091,0.0201647591131009,0.0766882788817783,0.0032851511169513,{'eta': 0.5284976210456496}
bank_dataset_reader,hifi_initializer,acc_opportunity,0.8442922872634565,0.891439816333224,0.5243437077953559,0.0523562746333884,0.089596710600428,0.0471475290697674,{'eta': 631.6967702987561}
compas_dataset_reader,hifi_initializer,mcc_parity,0.0626132929788995,0.6393841166936791,0.2769869609874242,0.2035690913754353,0.2143736680085247,0.1391457163778374,{'eta': 2.538870217919759}
compas_dataset_reader,hifi_initializer,mcc_odds,0.1804402726794574,0.6645056726094003,0.3135399812892527,0.1330997086097952,0.1585649528808302,0.0948561336375009,{'eta': 11.447786041524209}
compas_dataset_reader,hifi_initializer,mcc_opportunity,0.2453040708595893,0.6426256077795786,0.283126883817592,0.1331457596964054,0.1424160671462829,0.0378228129580027,{'eta': 7.062413700756387}
compas_dataset_reader,hifi_initializer,acc_parity,0.4537393256040939,0.5494327390599676,0.186156490933943,0.0821429293820089,0.0956934134558737,0.0698946138939767,{'eta': 112.73686830670722}
compas_dataset_reader,hifi_initializer,acc_odds,0.522249593971299,0.6280388978930308,0.2616877210328467,0.1057893039217317,0.127052827321561,0.057014157014157,{'eta': 36.26378591281815}
compas_dataset_reader,hifi_initializer,acc_opportunity,0.5255072590115168,0.6717990275526742,0.3300841714266896,0.1600717632696284,0.1922544080604533,0.1462917685411573,{'eta': 0.09790055477740606}
german_dataset_reader,hifi_initializer,mcc_parity,0.2120049020663632,0.725,0.3518786271756395,0.1310485125715708,0.1398737251092763,0.018507281553398,{'eta': 0.4579339739803748}
german_dataset_reader,hifi_initializer,mcc_odds,0.0,0.65,0.0,0.0,0.0,0.0,{'eta': 16.885434563677908}
german_dataset_reader,hifi_initializer,mcc_opportunity,0.2526814586146753,0.7,0.2885788945121112,0.0262543657892495,0.0362473347547973,0.0358974358974358,{'eta': 5.963109951266823}
german_dataset_reader,hifi_initializer,acc_parity,0.7374206349206349,0.79,0.4161787488663431,0.0525319110684964,0.0525793650793651,0.0202153372885079,{'eta': 0.04268290245493003}
german_dataset_reader,hifi_initializer,acc_odds,0.6844976560345619,0.725,0.3914243759679907,0.040502343965438,0.0592592592592592,0.0725480283114257,{'eta': 10.61635629021778}
german_dataset_reader,hifi_initializer,acc_opportunity,0.6044726301735648,0.75,0.3929091792132103,0.0964478954395333,0.1517241379310344,0.1455273698264352,{'eta': 0.018884216586684176}
adult_dataset_reader,hifi_initializer,mcc_parity,0.385381122018393,0.845771144278607,0.578886602475888,0.0781566619759325,0.1935054804574949,0.0694323686498571,{'eta': 12.708242356929322}
adult_dataset_reader,hifi_initializer,mcc_odds,0.4680125191387864,0.8426755113322277,0.5572671070421341,0.0892545879033477,0.173572511059094,0.1064813480548675,{'eta': 2.253750616467193}
adult_dataset_reader,hifi_initializer,mcc_opportunity,0.4284250949807159,0.8476506357103372,0.5903835117896833,0.1367542430209005,0.2300967741935484,0.1619584168089674,{'eta': 0.06508658718566493}
adult_dataset_reader,hifi_initializer,acc_parity,0.7529021558872305,0.7529021558872305,0.0,0.0,0.0,0.0,{'eta': 645.8966567788451}
adult_dataset_reader,hifi_initializer,acc_odds,0.7557403598567528,0.8434494195688226,0.5582164155555296,0.0877090597120698,0.1857613168724279,0.097513633730415,{'eta': 0.7292144994086122}
adult_dataset_reader,hifi_initializer,acc_opportunity,0.7818580116898364,0.8451077943615257,0.5667316602572399,0.0706093242424457,0.1885493903817335,0.0632497826716893,{'eta': 0.001340453760391013}
bank_dataset_reader,hifi_initializer,mcc_parity,0.3458545053042964,0.8919317809117744,0.4542969611254183,0.0757658759966399,0.1084424558211218,0.1201405502392344,{'eta': 0.006830511309227922}
bank_dataset_reader,hifi_initializer,mcc_odds,0.4503297604742672,0.8889799934404723,0.5275579131870578,0.0772281527127906,0.1497695613312304,0.0652194948875914,{'eta': 61.78009488139783}
bank_dataset_reader,hifi_initializer,mcc_opportunity,0.5095771106564131,0.887176123319121,0.517420247911315,0.0049517704024588,0.0622376271463492,0.0078431372549019,{'eta': 16.469627974390505}
bank_dataset_reader,hifi_initializer,acc_parity,0.813609628313831,0.902918989832732,0.5060880346515588,0.0861627924946745,0.0893093615189009,0.1268955650929899,{'eta': 720.2484900099352}
bank_dataset_reader,hifi_initializer,acc_odds,0.8511622734988138,0.8958674975401771,0.4958374395958227,0.0447052240413633,0.0886861176824002,0.0541856925418569,{'eta': 306.47133337455284}
bank_dataset_reader,hifi_initializer,acc_opportunity,0.8877472972889349,0.8934076746474254,0.5274221653639449,0.0250799458819482,0.1071191807252758,0.0056603773584905,{'eta': 0.04383153657084677}
compas_dataset_reader,hifi_initializer,mcc_parity,0.2048417613969354,0.6653160453808752,0.321426032098741,0.0946160429506312,0.1165842707018055,0.0502874512654463,{'eta': 0.1978211589578467}
compas_dataset_reader,hifi_initializer,mcc_odds,0.0690298715386771,0.640194489465154,0.2671715208406996,0.1981416493020224,0.2169810238406645,0.1625745595783049,{'eta': 0.008576843976340174}
compas_dataset_reader,hifi_initializer,mcc_opportunity,0.205934149781967,0.6661264181523501,0.3258027868919835,0.1344712051328438,0.1500521536118904,0.1198686371100165,{'eta': 0.5321047948622446}
compas_dataset_reader,hifi_initializer,acc_parity,0.4827225241607694,0.6661264181523501,0.3068315472028864,0.1642294044032376,0.1834038939915806,0.1172935851412516,{'eta': 0.023245494899412668}
compas_dataset_reader,hifi_initializer,acc_odds,0.5260576164185514,0.6539708265802269,0.3030843943729292,0.1279132101616754,0.1429735667209978,0.0950323756583385,{'eta': 0.6174465364427182}
compas_dataset_reader,hifi_initializer,acc_opportunity,0.5917257757318247,0.6645056726094003,0.3238167004489545,0.1090812650325434,0.1364787757141229,0.0727798968775755,{'eta': 14.48878846696877}
german_dataset_reader,hifi_initializer,mcc_parity,0.2141117725500489,0.74,0.284424272550049,0.0916993681410043,0.0703125,0.005979381443299,{'eta': 0.47260147615275816}
german_dataset_reader,hifi_initializer,mcc_odds,0.4265177279804988,0.78,0.4769803763154875,0.0504626483349887,0.0223476048235424,0.0793036750483558,{'eta': 0.1763921462506115}
german_dataset_reader,hifi_initializer,mcc_opportunity,0.3186082980882344,0.735,0.3474683269482632,0.0574275574275573,0.0165441176470588,0.0288600288600288,{'eta': 0.003300877200008155}
german_dataset_reader,hifi_initializer,acc_parity,0.6741001297322797,0.705,0.2581186271228357,0.1294397116644823,0.0308998702677202,0.0731651376146789,{'eta': 0.027302354232406623}
german_dataset_reader,hifi_initializer,acc_odds,0.6801167133520074,0.755,0.3748710317236048,0.0748832866479925,0.00023172285946,0.0529411764705882,{'eta': 5.11394928075025}
german_dataset_reader,hifi_initializer,acc_opportunity,0.6060228118026283,0.73,0.2751367246529053,0.1355180058633917,0.1585081585081585,0.1239771881973716,{'eta': 1.4515838186686656}
adult_dataset_reader,hifi_initializer,mcc_parity,0.3772951963774488,0.8441127694859039,0.5752768191490724,0.0942891287194749,0.1979816227716235,0.0976271409986631,{'eta': 0.0014232099067549668}
adult_dataset_reader,hifi_initializer,mcc_odds,0.4510683539199077,0.833167495854063,0.5417372832894202,0.0906689293695124,0.1844546696802617,0.0953787872185277,{'eta': 0.06456527128786567}
adult_dataset_reader,hifi_initializer,mcc_opportunity,0.4980635344735988,0.8442233278054173,0.5644610868869824,0.0748146371259582,0.1797560015645545,0.0663975524133835,{'eta': 0.5250651944787023}
adult_dataset_reader,hifi_initializer,acc_parity,0.664874951840126,0.8456605859590934,0.5681870924483394,0.0773670449759242,0.1807856341189674,0.0761499301847539,{'eta': 588.2482059068585}
adult_dataset_reader,hifi_initializer,acc_odds,0.7690478951975195,0.8416804864566059,0.5633061516591933,0.0726325912590864,0.1757247267019309,0.0746209942512121,{'eta': 3.652677820942574}
adult_dataset_reader,hifi_initializer,acc_opportunity,0.7016665684288305,0.8478717523493643,0.5781651391861797,0.1166046109796977,0.2045096166367135,0.1462051839205338,{'eta': 0.0605609504558567}
bank_dataset_reader,hifi_initializer,mcc_parity,0.4184791736785027,0.8996392259757298,0.5216296190296633,0.0709604881729713,0.1031504453511606,0.0494505494505495,{'eta': 43.185811044134226}
bank_dataset_reader,hifi_initializer,mcc_odds,0.4123299177928355,0.8950475565759265,0.5140612454689459,0.1017313276761103,0.0831398727310721,0.150419769614816,{'eta': 20.930549255820427}
bank_dataset_reader,hifi_initializer,mcc_opportunity,0.4324058815405152,0.9014430960970812,0.5038395477316706,0.0427746148859798,0.0883060959955307,0.0714336661911554,{'eta': 109.60793405088921}
bank_dataset_reader,hifi_initializer,acc_parity,0.83782997953245,0.9035749426041324,0.526083399435267,0.0129987985659351,0.0657449630716825,0.0087867257678577,{'eta': 411.7014797058355}
bank_dataset_reader,hifi_initializer,acc_odds,0.8749527432433036,0.8966874385044277,0.5055961597819635,0.021734695261124,0.0525130851162883,0.0294117647058823,{'eta': 13.237071253886912}
bank_dataset_reader,hifi_initializer,acc_opportunity,0.737816017313204,0.8902918989832732,0.540498700697155,0.1103855727427996,0.1123843937010189,0.1524758816700692,{'eta': 0.05335651312851938}
compas_dataset_reader,hifi_initializer,mcc_parity,0.12604229298002,0.6539708265802269,0.3053143541682689,0.168741443807614,0.1792720611882489,0.1116045428072218,{'eta': 0.017024296841604177}
compas_dataset_reader,hifi_initializer,mcc_odds,0.2480606490536089,0.6880064829821718,0.3644606320310775,0.1163999829774685,0.1413770053475935,0.0233010928275342,{'eta': 0.030605497662284896}
compas_dataset_reader,hifi_initializer,mcc_opportunity,0.174800964400109,0.6547811993517018,0.3036583663271908,0.1694133373582148,0.1869388210361943,0.1288574019270818,{'eta': 0.00225715550323858}
compas_dataset_reader,hifi_initializer,acc_parity,0.5429419347525334,0.5583468395461912,0.0274803139769938,0.013941985967994,0.0154049047936578,0.0141509433962264,{'eta': 67.19938695036014}
compas_dataset_reader,hifi_initializer,acc_odds,0.4993036371078613,0.646677471636953,0.2879140897725302,0.1473738345290917,0.1686712685353042,0.1259727626459144,{'eta': 3.01016168892315}
compas_dataset_reader,hifi_initializer,acc_opportunity,0.5734306137245098,0.6726094003241491,0.337581047246618,0.1237128154597074,0.1578122774533542,0.0991787865996393,{'eta': 0.0010824481935874744}
german_dataset_reader,hifi_initializer,mcc_parity,0.2406476873733979,0.74,0.30990313598497,0.1031475748194015,0.069255448611572,0.0396284829721362,{'eta': 0.050971995777852004}
german_dataset_reader,hifi_initializer,mcc_odds,0.2895365851889531,0.715,0.3250098328715031,0.03547324768255,0.0250965250965251,0.0254919499105545,{'eta': 0.008171553625638511}
german_dataset_reader,hifi_initializer,mcc_opportunity,0.0622746926722475,0.69,0.230859118682416,0.2604349108869126,0.2523809523809524,0.1685844260101685,{'eta': 5.404018116680827}
german_dataset_reader,hifi_initializer,acc_parity,0.7276388888888888,0.745,0.4308404499531132,0.0369556025369978,0.0173611111111111,0.02,{'eta': 9.152899559210454}
german_dataset_reader,hifi_initializer,acc_odds,0.6622817259997367,0.715,0.2371756096786952,0.0527182740002633,0.0645944633317143,0.0190729116368904,{'eta': 4.749560102604034}
german_dataset_reader,hifi_initializer,acc_opportunity,0.5656336725254394,0.7,0.305481376837626,0.197530757320168,0.0045955882352941,0.1343663274745605,{'eta': 0.003036830870626172}
adult_dataset_reader,hifi_initializer,mcc_parity,0.3905417678755334,0.8422332780541736,0.5491827162675073,0.0395906918327104,0.1586409483919738,0.007593170775311,{'eta': 20.680615121984374}
adult_dataset_reader,hifi_initializer,mcc_odds,0.5271376211287016,0.8491984521835269,0.5752898727025247,0.0481522515738231,0.1662373676662917,0.0270111494425279,{'eta': 0.03364052195353007}
adult_dataset_reader,hifi_initializer,mcc_opportunity,0.4991154721420955,0.8432283029297954,0.552884748429279,0.0596521791255562,0.1627372600206667,0.0537692762871835,{'eta': 0.021110620117204694}
adult_dataset_reader,hifi_initializer,acc_parity,0.6568512517432388,0.8442233278054173,0.5735648850025302,0.0901502146534138,0.1873720760621784,0.0970160443844654,{'eta': 787.0270309321004}
adult_dataset_reader,hifi_initializer,acc_odds,0.7860594418406351,0.8465450525152017,0.5708180160084301,0.0604856106745665,0.1722845973677411,0.0422580209692661,{'eta': 0.006742296781406468}
adult_dataset_reader,hifi_initializer,acc_opportunity,0.7515323076341592,0.8410171365395246,0.5579136343899985,0.0835705027648727,0.1804330124915976,0.0894848289053653,{'eta': 0.024530293841031663}
bank_dataset_reader,hifi_initializer,mcc_parity,0.4340872824067099,0.8945555919973762,0.5502227657344296,0.0385186743790619,0.1161354833277197,0.0443013270882123,{'eta': 56.96382594795167}
bank_dataset_reader,hifi_initializer,mcc_odds,0.4835789664817354,0.9001311905542801,0.5502183559187046,0.0666393894369691,0.0903947487402073,0.0381960970966206,{'eta': 75.46217311230356}
bank_dataset_reader,hifi_initializer,mcc_opportunity,0.0,0.8775008199409643,0.0,0.0,0.0,0.0,{'eta': 5.08391484245584}
bank_dataset_reader,hifi_initializer,acc_parity,0.7338036673316409,0.8955395211544769,0.4602928993575967,0.1247844111515359,0.1617358538228359,0.1439923712650985,{'eta': 372.64942953153775}
bank_dataset_reader,hifi_initializer,acc_odds,0.8760249262053132,0.8760249262053132,0.0,0.0,0.0,0.0,{'eta': 950.9821404596645}
bank_dataset_reader,hifi_initializer,acc_opportunity,0.7052850819534382,0.8963594621187274,0.5019743390999168,0.1223728350062309,0.0925989856369603,0.1910743801652892,{'eta': 0.002951342596108322}
compas_dataset_reader,hifi_initializer,mcc_parity,0.1492553927534097,0.6709886547811994,0.3287845034156106,0.1554958869076903,0.1795291106622009,0.1367376042123739,{'eta': 0.0018672710805501575}
compas_dataset_reader,hifi_initializer,mcc_odds,0.1788156016199268,0.653160453808752,0.3003043914304053,0.1214887898104784,0.1395909984941606,0.0654241448074858,{'eta': 0.3795374243341568}
compas_dataset_reader,hifi_initializer,mcc_opportunity,0.230282442112651,0.6596434359805511,0.303669892748895,0.1005524209702959,0.1109225741578683,0.0733874506362439,{'eta': 0.22553764639684454}
compas_dataset_reader,hifi_initializer,acc_parity,0.5437112798492412,0.660453808752026,0.3111997506241143,0.0970804796226791,0.1167425289027848,0.0847272727272727,{'eta': 0.20406784268228412}
compas_dataset_reader,hifi_initializer,acc_odds,0.5483746596932415,0.6499189627228525,0.3125586180971703,0.101544303029611,0.1382216276092241,0.085453416390134,{'eta': 44.16332336183031}
compas_dataset_reader,hifi_initializer,acc_opportunity,0.586430389548279,0.660453808752026,0.3201550346309356,0.1546209641005881,0.166127216436814,0.074023419203747,{'eta': 0.14999888955902732}
german_dataset_reader,hifi_initializer,mcc_parity,0.1662561109597675,0.73,0.3305418252454817,0.2142069976228391,0.1642857142857142,0.1143114311431142,{'eta': 0.12630720614905702}
german_dataset_reader,hifi_initializer,mcc_odds,0.4169542976415944,0.755,0.4525236883986155,0.0355693907570211,0.0225262413020402,0.0015735641227379,{'eta': 0.03413821054417807}
german_dataset_reader,hifi_initializer,mcc_opportunity,0.2237007995953336,0.725,0.3727167321164207,0.1221270138795912,0.179620238235641,0.1490159325210871,{'eta': 0.00249738246158476}
german_dataset_reader,hifi_initializer,acc_parity,0.743299327750914,0.765,0.4268355684470584,0.0932026809589405,0.021700672249086,0.0766492643569055,{'eta': 1.132005434976116}
german_dataset_reader,hifi_initializer,acc_odds,0.68,0.68,0.0,0.0,0.0,0.0,{'eta': 467.1943179083563}
german_dataset_reader,hifi_initializer,acc_opportunity,0.691348445219413,0.73,0.385804777836562,0.0413165181310342,0.0161725067385445,0.038651554780587,{'eta': 0.07848669715266082}
adult_dataset_reader,hifi_initializer,mcc_parity,0.407346003298688,0.8458817025981205,0.5815022618146737,0.0423378116983456,0.1741562585159856,0.0096440650100991,{'eta': 14.657492346722124}
adult_dataset_reader,hifi_initializer,mcc_odds,0.468554982050439,0.8359314538419016,0.5532225458510397,0.0846675638006007,0.1949318912861535,0.0830868614620832,{'eta': 0.0320730103459294}
adult_dataset_reader,hifi_initializer,mcc_opportunity,0.5276275108256133,0.8491984521835269,0.5791887380859989,0.0564006027647432,0.1646464646464646,0.0515612272603855,{'eta': 0.5406082964509233}
adult_dataset_reader,hifi_initializer,acc_parity,0.6985517057617383,0.849640685461581,0.5669840797476698,0.0446453805902896,0.1510889796998427,0.0341333077341524,{'eta': 886.0315935540968}
adult_dataset_reader,hifi_initializer,acc_odds,0.7140495856727254,0.8443338861249309,0.5696365859892499,0.1302843004522055,0.2091417798533684,0.1619316128099472,{'eta': 214.93893870967307}
adult_dataset_reader,hifi_initializer,acc_opportunity,0.8369544429860816,0.8480928689883914,0.5662425149053145,0.0383037893264899,0.1595198968613529,0.0111384260023098,{'eta': 19.67753776363789}
bank_dataset_reader,hifi_initializer,mcc_parity,0.4496391935973093,0.8991472613971794,0.5273445944159176,0.0763110263517413,0.0777054008186083,0.1282916124837451,{'eta': 91.87489659039697}
bank_dataset_reader,hifi_initializer,mcc_odds,0.4040002659325098,0.8958674975401771,0.4836682830868657,0.0796680171543559,0.112755804533705,0.0809868597479217,{'eta': 48.146861449716084}
bank_dataset_reader,hifi_initializer,mcc_opportunity,0.4623396499339557,0.8922597572974745,0.5037937689606342,0.0354687266515883,0.0774913675419577,0.0414541190266784,{'eta': 10.828324997872581}
bank_dataset_reader,hifi_initializer,acc_parity,0.7401731901159749,0.9006231551328304,0.4960353536356844,0.1337519253812683,0.1604499650168555,0.2019221307442516,{'eta': 995.431285195241}
bank_dataset_reader,hifi_initializer,acc_odds,0.80291736922756,0.8870121351262709,0.5120362249301987,0.0840947658987108,0.1436573178594455,0.068825910931174,{'eta': 265.38014291506596}
bank_dataset_reader,hifi_initializer,acc_opportunity,0.887827862955132,0.8888160052476222,0.5102142502249637,0.0191569979864217,0.0974937304955845,0.0009881422924901,{'eta': 2.427225922120765}
compas_dataset_reader,hifi_initializer,mcc_parity,0.1745408313582797,0.6482982171799028,0.2853925922100405,0.0804416561924389,0.1108517608517608,0.1019860692771084,{'eta': 0.07629784071958524}
compas_dataset_reader,hifi_initializer,mcc_odds,0.1679208249005966,0.6677471636952999,0.3251825413444296,0.157261716443833,0.181657748767785,0.1601396478445659,{'eta': 0.00412235984439721}
compas_dataset_reader,hifi_initializer,mcc_opportunity,0.2131486910745089,0.6515397082658023,0.3021833123671947,0.1332883097621696,0.1558622137104179,0.0890346212926858,{'eta': 2.1140526236948216}
compas_dataset_reader,hifi_initializer,acc_parity,0.4236347661263994,0.6450567260940032,0.2722587949791292,0.2013453493063746,0.2214219599676038,0.1423886596847561,{'eta': 0.017685528709265607}
compas_dataset_reader,hifi_initializer,acc_odds,0.4456641481756736,0.5623987034035657,0.2081369331436419,0.116734555227892,0.137674245354651,0.1606474050294274,{'eta': 67.96951927509927}
compas_dataset_reader,hifi_initializer,acc_opportunity,0.586352094365,0.6434359805510534,0.2830496603729598,0.0938064209772036,0.1173746114936925,0.0570838861860534,{'eta': 18.74308500291015}
german_dataset_reader,hifi_initializer,mcc_parity,0.2964249493194464,0.755,0.3296835883098934,0.0290060922755861,0.033258638990447,0.0414956680346557,{'eta': 3.3498495091366585}
german_dataset_reader,hifi_initializer,mcc_odds,0.1417398726422928,0.74,0.3756593649776267,0.2339194923353339,0.2124824684431978,0.1272984441301272,{'eta': 0.007043626520371802}
german_dataset_reader,hifi_initializer,mcc_opportunity,0.3454188720877979,0.72,0.3516777625572146,0.0703231211240364,0.0596225507873542,0.0062588904694167,{'eta': 8.069735108393566}
german_dataset_reader,hifi_initializer,acc_parity,0.73,0.73,0.0,0.0,0.0,0.0,{'eta': 529.0216282822925}
german_dataset_reader,hifi_initializer,acc_odds,0.6838043478260869,0.73,0.3376875125625398,0.046195652173913,0.0747252747252747,0.0507246376811594,{'eta': 3.3220165978324854}
german_dataset_reader,hifi_initializer,acc_opportunity,0.6542105263157896,0.67,0.0899042752229281,0.0359899749373432,0.0330205074730622,0.0157894736842104,{'eta': 19.711650851165707}
adult_dataset_reader,hifi_initializer,mcc_parity,0.3985375573312458,0.8463239358761747,0.5833971639749738,0.0611011925313281,0.1848596066437279,0.0409393962094538,{'eta': 19.351619445313826}
adult_dataset_reader,hifi_initializer,mcc_odds,0.4921453286280619,0.8483139856274184,0.5661984447189875,0.0740531160909255,0.1691214008604849,0.0841657745236443,{'eta': 0.37655376586158024}
adult_dataset_reader,hifi_initializer,mcc_opportunity,0.4722933378401616,0.8444444444444444,0.5635207832342737,0.0935229614355747,0.1992593925999226,0.0912274453941121,{'eta': 0.06686035241698335}
adult_dataset_reader,hifi_initializer,acc_parity,0.6839361793151792,0.845771144278607,0.5587056858378892,0.0757778924540828,0.1618349649634278,0.0928458705944239,{'eta': 961.8156799650255}
adult_dataset_reader,hifi_initializer,acc_odds,0.7753098588651074,0.8514096185737977,0.5877552438524865,0.0760997597086903,0.1936516776642746,0.0651212061643686,{'eta': 1.084312005057664}
adult_dataset_reader,hifi_initializer,acc_opportunity,0.7826769792298314,0.8476506357103372,0.5671195649687243,0.0703699135995682,0.1779036970337785,0.0649736564805057,{'eta': 63.19110073242851}
bank_dataset_reader,hifi_initializer,mcc_parity,0.4188224387709836,0.8965234503115775,0.5012344730510758,0.0644811654040393,0.0824120342800921,0.0540981247901778,{'eta': 0.0012215025986844815}
bank_dataset_reader,hifi_initializer,mcc_odds,0.4292045974049393,0.8950475565759265,0.5164653892990131,0.0872607918940737,0.1420491298286436,0.1063372717508056,{'eta': 191.10688698750278}
bank_dataset_reader,hifi_initializer,mcc_opportunity,0.3832842849769495,0.8891439816333224,0.4943390517112294,0.1034179330296279,0.1225860492673235,0.1110547667342799,{'eta': 931.1919418986408}
bank_dataset_reader,hifi_initializer,acc_parity,0.8425301690975521,0.8996392259757298,0.5380442378927467,0.03824112601587,0.0571090568781776,0.0473649375361958,{'eta': 229.67033494409634}
bank_dataset_reader,hifi_initializer,acc_odds,0.8856653557928057,0.8948835683830764,0.5224444831765342,0.0092182125902706,0.0603721860442428,0.0054727880814837,{'eta': 2.4679679134468158}
bank_dataset_reader,hifi_initializer,acc_opportunity,0.8740570678911118,0.8740570678911118,0.0,0.0,0.0,0.0,{'eta': 335.5758094821693}
compas_dataset_reader,hifi_initializer,mcc_parity,0.1408743719352434,0.6596434359805511,0.3099627010467923,0.1543737552653629,0.1690883291115489,0.0924339826006621,{'eta': 19.3368443855292}
compas_dataset_reader,hifi_initializer,mcc_odds,0.1485353435738063,0.6588330632090762,0.307920957242337,0.1593856136685307,0.173318469404431,0.1179089693904045,{'eta': 1.0436514678615807}
compas_dataset_reader,hifi_initializer,mcc_opportunity,0.1801016146074677,0.673419773095624,0.3283766177211806,0.1623879657615191,0.193351535552261,0.1482750031137129,{'eta': 0.2062774812000904}
compas_dataset_reader,hifi_initializer,acc_parity,0.5580803522119383,0.5607779578606159,0.008151089403318,0.0027368904010515,0.0026976056486776,0.0009870614912631,{'eta': 161.87153503763702}
compas_dataset_reader,hifi_initializer,acc_odds,0.5416684262378714,0.660453808752026,0.3075187005639405,0.1187853825141545,0.1586241710837291,0.0921200750469043,{'eta': 0.03958584448372859}
compas_dataset_reader,hifi_initializer,acc_opportunity,0.5425647151969428,0.6628849270664505,0.3195544368265219,0.1472659924418379,0.1661632233940958,0.1203202118695077,{'eta': 0.08166354903580796}
german_dataset_reader,hifi_initializer,mcc_parity,0.1472004738786273,0.7,0.3108230005148525,0.2245085366696619,0.1636225266362252,0.0602702702702703,{'eta': 0.0702326675509891}
german_dataset_reader,hifi_initializer,mcc_odds,0.1661723303303171,0.69,0.2163017936170863,0.0501294632867692,0.0059523809523809,0.0145446408592526,{'eta': 7.976920145205049}
german_dataset_reader,hifi_initializer,mcc_opportunity,0.119029541093553,0.685,0.2084903254072785,0.0518528992793698,0.0883519653804544,0.0894607843137255,{'eta': 3.3107727391033626}
german_dataset_reader,hifi_initializer,acc_parity,0.6775741239892185,0.78,0.4298912103097277,0.0799171622769753,0.1024258760107815,0.0348343245539507,{'eta': 1.7631379022062974}
german_dataset_reader,hifi_initializer,acc_odds,0.6299179081787778,0.7,0.3317075981197817,0.0700820918212222,0.0814814814814814,0.0769230769230768,{'eta': 1.4080802456215709}
german_dataset_reader,hifi_initializer,acc_opportunity,0.7408844542990884,0.75,0.3936679943758679,0.0486754199092793,0.0278307709572438,0.0091155457009115,{'eta': 1.9647531774369995}
